Name,Email,Contact
Name_051,user051@example.com,76201720051
Name_052,user052@example.com,76201720052
Name_053,user053@example.com,76201720053
Name_054,user054@example.com,76201720054
Name_055,user055@example.com,76201720055
Name_056,user056@example.com,76201720056
Name_057,user057@example.com,76201720057
Name_058,user058@example.com,76201720058
Name_059,user059@example.com,76201720059
Name_060,user060@example.com,76201720060
Name_061,user061@example.com,76201720061
Name_062,user062@example.com,76201720062
Name_063,user063@example.com,76201720063
Name_064,user064@example.com,76201720064
Name_065,user065@example.com,76201720065
Name_066,user066@example.com,76201720066
Name_067,user067@example.com,76201720067
Name_068,user068@example.com,76201720068
Name_069,user069@example.com,76201720069
Name_070,user070@example.com,76201720070
Name_071,user071@example.com,76201720071
Name_072,user072@example.com,76201720072
Name_073,user073@example.com,76201720073
Name_074,user074@example.com,76201720074
Name_075,user075@example.com,76201720075
Name_076,user076@example.com,76201720076
Name_077,user077@example.com,76201720077
Name_078,user078@example.com,76201720078
Name_079,user079@example.com,76201720079
Name_080,user080@example.com,76201720080
Name_081,user081@example.com,76201720081
Name_082,user082@example.com,76201720082
Name_083,user083@example.com,76201720083
Name_084,user084@example.com,76201720084
Name_085,user085@example.com,76201720085
Name_086,user086@example.com,76201720086
Name_087,user087@example.com,76201720087
Name_088,user088@example.com,76201720088
Name_089,user089@example.com,76201720089
Name_090,user090@example.com,76201720090
Name_091,user091@example.com,76201720091
Name_092,user092@example.com,76201720092
Name_093,user093@example.com,76201720093
Name_094,user094@example.com,76201720094
Name_095,user095@example.com,76201720095
Name_096,user096@example.com,76201720096
Name_097,user097@example.com,76201720097
Name_098,user098@example.com,76201720098
Name_099,user099@example.com,76201720099
Name_100,user100@example.com,76201720100